<?xml version="1.0" encoding="UTF-8"?>
<configuration>
<property name="LOG_DIR" value="D:/Vitthal Jadhav/askanything/logs/ankanything.log"/>
<property name="FILE_PREFIX" value="askanything"/>
<appender name="FILE" class="ch.qos.logback.core.rolling.RollingFileAppender">
<file>${LOG_DIR}/${FILE_PREFIX}.log</file>

<encoder class="ch.qos.logback.classic.encoder.PatternLayoutEncoder">
<pattern>%d{yyyy-MM-dd HH:mm:ss} -%msg%n</pattern>
</encoder>

<rollingPolicy class="ch.qos.logback.core.rolling.TimeBasedRollingPolicy">
<fileNamePattern>${LOG_DIR}/archived/${FILE_PREFIX}.%d{yyyy-MM-dd}.%i.log</fileNamePattern>

<timeBasedFileNamingAndTriggeringPolicy class="ch.qos.logback.core.rolling.SizeAndTimeBasedFNATP">
<maxFileSize>10MB</maxFileSize>

</timeBasedFileNamingAndTriggeringPolicy>
</rollingPolicy>
</appender>

<root level="info">
  <appender-ref ref="FILE"></appender-ref>
</root>

</configuration>